/*M!999999\- enable the sandbox mode */ 
-- MariaDB dump 10.19  Distrib 10.5.29-MariaDB, for Linux (x86_64)
--
-- Host: localhost    Database: theregs_site
-- ------------------------------------------------------
-- Server version	10.5.29-MariaDB

/*!40101 SET @OLD_CHARACTER_SET_CLIENT=@@CHARACTER_SET_CLIENT */;
/*!40101 SET @OLD_CHARACTER_SET_RESULTS=@@CHARACTER_SET_RESULTS */;
/*!40101 SET @OLD_COLLATION_CONNECTION=@@COLLATION_CONNECTION */;
/*!40101 SET NAMES utf8mb4 */;
/*!40103 SET @OLD_TIME_ZONE=@@TIME_ZONE */;
/*!40103 SET TIME_ZONE='+00:00' */;
/*!40014 SET @OLD_UNIQUE_CHECKS=@@UNIQUE_CHECKS, UNIQUE_CHECKS=0 */;
/*!40014 SET @OLD_FOREIGN_KEY_CHECKS=@@FOREIGN_KEY_CHECKS, FOREIGN_KEY_CHECKS=0 */;
/*!40101 SET @OLD_SQL_MODE=@@SQL_MODE, SQL_MODE='NO_AUTO_VALUE_ON_ZERO' */;
/*!40111 SET @OLD_SQL_NOTES=@@SQL_NOTES, SQL_NOTES=0 */;

--
-- Dumping routines for database 'theregs_site'
--

--
-- Table structure for table `project_architecture_notes`
--

DROP TABLE IF EXISTS `project_architecture_notes`;
/*!40101 SET @saved_cs_client     = @@character_set_client */;
/*!40101 SET character_set_client = utf8mb4 */;
CREATE TABLE `project_architecture_notes` (
  `id` int(10) unsigned NOT NULL AUTO_INCREMENT,
  `title` varchar(180) NOT NULL,
  `body` mediumtext NOT NULL,
  `category` varchar(80) DEFAULT NULL,
  `status` enum('draft','active','deprecated','archived') NOT NULL DEFAULT 'active',
  `sort_order` int(11) NOT NULL DEFAULT 0,
  `created_at` datetime NOT NULL DEFAULT current_timestamp(),
  `updated_at` datetime DEFAULT NULL ON UPDATE current_timestamp(),
  PRIMARY KEY (`id`),
  KEY `idx_project_architecture_category` (`category`),
  KEY `idx_project_architecture_status` (`status`),
  KEY `idx_project_architecture_sort` (`sort_order`)
) ENGINE=InnoDB AUTO_INCREMENT=10 DEFAULT CHARSET=utf8mb4 COLLATE=utf8mb4_unicode_ci;
/*!40101 SET character_set_client = @saved_cs_client */;

--
-- Dumping data for table `project_architecture_notes`
--

LOCK TABLES `project_architecture_notes` WRITE;
/*!40000 ALTER TABLE `project_architecture_notes` DISABLE KEYS */;
INSERT INTO `project_architecture_notes` VALUES (1,'Integrations Enhance Guild CMS; They Do Not Define It','Guild CMS should remain the platform. phpBB, AWStats, Discord, Steam, OAuth, GeoIP, and future services should be providers or plugins that enhance the platform without becoming hard dependencies.','Principles','active',10,'2026-06-29 01:53:22','2026-06-29 02:18:30'),(2,'Site Manager Architecture','The database should become the source of truth for site registry data. The filesystem should contain scaffolded wrappers and reusable modules. Admin should orchestrate site creation, archiving, restoring, and validation.','Platform','active',20,'2026-06-29 01:53:22',NULL),(3,'Engineering Governance','Beginning with Phase 4.3, the Guild CMS Engineering Library becomes the authoritative public source for architecture standards, engineering principles, coding standards, security standards, developer guidance, and Architecture Decision Records.','Phase 4.3 Architecture','active',430,'2026-06-29 19:17:10',NULL),(4,'Engineering Publications Canonical Source','Engineering Library document bodies are published on the public Guild CMS website. The Development Center tracks publication IDs, statuses, versions, phases, and public links, but does not duplicate document content.','Phase 4.3 Architecture','active',431,'2026-06-29 19:55:15',NULL),(5,'User Experience and Educational Design Principle','Guild CMS should be educational, professional, modern, and accessible. User-facing workflows should explain before asking, teach instead of assuming, support safe recovery, and leave administrators more confident than when they began.','Product Experience','active',441,'2026-06-30 14:40:45',NULL),(6,'Installer Setup Detection Boundary','Guild CMS must not fail with PHP or database errors when a new installable tree has not been configured. The front controller detects missing or placeholder configuration and renders an educational setup-required page that links to the installer. The installer creates includes/config.inc.php during the install phase; completed configuration is installation-specific and should not be treated as reusable project source.','Installer','active',440,'2026-06-30 15:16:23',NULL),(7,'Installer Certification Framework','Guild CMS installer work is validated through a certification framework that distinguishes compatible, supported, and certified runtimes; certifies environments rather than paid hosting panels; and requires both technical validation and user-experience validation for installer releases.','Phase 4.4 Architecture','active',446,'2026-06-30 16:52:08',NULL),(8,'Development and Release Standard','Guild CMS packages follow GCMS-ENG-013: build against the authoritative baseline, modify actual source files, preserve admin/guildcms/devsite layout, include schema-compatible SQL, include release documentation and a package manifest, validate PHP syntax, and package only changed files without extra nesting.','Release Engineering','active',447,'2026-06-30 17:26:03',NULL),(9,'Installer Platform Intelligence','The Guild CMS installer detects the operating system, package manager family, web server, PHP runtime, database drivers, filesystem readiness, HTTPS status, SELinux, and AppArmor before later installer steps rely on environment-specific guidance. Detection is read-only and stored in installer session state.','Installer','active',448,'2026-06-30 18:01:37',NULL);
/*!40000 ALTER TABLE `project_architecture_notes` ENABLE KEYS */;
UNLOCK TABLES;

--
-- Table structure for table `project_changelog_entries`
--

DROP TABLE IF EXISTS `project_changelog_entries`;
/*!40101 SET @saved_cs_client     = @@character_set_client */;
/*!40101 SET character_set_client = utf8mb4 */;
CREATE TABLE `project_changelog_entries` (
  `id` int(10) unsigned NOT NULL AUTO_INCREMENT,
  `entry_date` date NOT NULL,
  `title` varchar(180) NOT NULL,
  `body` mediumtext NOT NULL,
  `phase_key` varchar(32) DEFAULT NULL,
  `entry_type` enum('session','release','milestone','note') NOT NULL DEFAULT 'session',
  `is_public` tinyint(1) NOT NULL DEFAULT 0,
  `created_by_user_id` int(10) unsigned DEFAULT NULL,
  `created_by_username` varchar(255) DEFAULT NULL,
  `created_at` datetime NOT NULL DEFAULT current_timestamp(),
  `updated_at` datetime DEFAULT NULL ON UPDATE current_timestamp(),
  PRIMARY KEY (`id`),
  KEY `idx_project_changelog_date` (`entry_date`),
  KEY `idx_project_changelog_phase` (`phase_key`),
  KEY `idx_project_changelog_type` (`entry_type`)
) ENGINE=InnoDB AUTO_INCREMENT=42 DEFAULT CHARSET=utf8mb4 COLLATE=utf8mb4_unicode_ci;
/*!40101 SET character_set_client = @saved_cs_client */;

--
-- Dumping data for table `project_changelog_entries`
--

LOCK TABLES `project_changelog_entries` WRITE;
/*!40000 ALTER TABLE `project_changelog_entries` DISABLE KEYS */;
INSERT INTO `project_changelog_entries` VALUES (1,'2026-06-29','Completed Phase 4.1 Codebase Modernization','Completed framework and subsystem modernization. Active direct superglobal usage was reduced to zero. Audit findings were reduced from 78 to 21. Reviewed shared pages, AC, AO, AO extras, TSW, WoW, CoD, CoH, EVE, FO76, layout framework, and main site sidebars.','4.1','milestone',1,NULL,NULL,'2026-06-29 01:53:22','2026-06-29 02:35:24'),(2,'2026-06-29','Started Development Center','Added roadmap/changelog/ideas/architecture schema and first admin dashboard for tracking Guild CMS development inside the site itself.','4.1K','session',1,NULL,NULL,'2026-06-29 01:53:22','2026-06-29 02:35:24'),(3,'2026-06-29','Development Center roadmap updated for Phase 4.2','Marked Phase 4.1 complete, set Phase 4.2 Security Hardening as the current phase, and revised the post-4.2 roadmap so Phase 4.3 is Installation & Bootstrap System, Phase 4.4 is Plugin Architecture, and Phase 4.5 is Admin Modernization.','4.2','milestone',0,0,'System','2026-06-29 13:46:02',NULL),(4,'2026-06-15','Web Site Revamp','TheRegs.org is long in the tooth we need to improve the entire site.  \r\n\r\nCurrently news is posted by phpBB but what if that project ever closed down?  How would we support the site?\r\n\r\nAll site pages and items need to be reviewed and cleaned up for current PHP standards.  ','0.0','session',1,2,'Alan Carr','2026-06-15 14:53:47','2026-06-29 17:33:37'),(5,'2026-06-29','Development Center v0.7 live roadmap dashboard','Updated the Development Center into a live engineering dashboard. The current phase checklist now comes from roadmap item data, Phase 4.2 security progress reflects completed/in-progress/planned work, and future phases are seeded with planned checklist items and mandatory security review gates.','4.1K','milestone',0,0,'System','2026-06-29 15:07:55',NULL),(8,'2026-06-29','Development Center v0.8 - Phase 4.2 Finalization','Phase 4.2 Security Hardening entered final review. Completed work includes security headers, cookie/session audit, CSRF audit, CSP inventory and Report-Only deployment, upload/file security audit, filesystem and permissions audit, legacy phpBB Gallery cleanup, legacy 777 permission cleanup, and Gallery upload hardening. Remaining work: final Phase 4.2 security review and sign-off.','4.2','milestone',0,0,'System','2026-06-29 16:11:25',NULL),(9,'2026-06-29','Security Hardening Enters Final Review','The Guild CMS Security Hardening phase is nearing completion. Work completed includes centralized application security headers, Content-Security-Policy Report-Only deployment, cookie/session and CSRF audits, upload/file security review, filesystem permission cleanup, legacy phpBB Gallery cleanup, and Gallery upload hardening. Final Phase 4.2 review is underway before moving to Phase 4.3: Installation & Bootstrap System.','4.2','milestone',1,0,'System','2026-06-29 16:11:25',NULL),(10,'2026-06-29','Phase 4.2 Complete','Completed Security Hardening. Final Security Review passed. Transitioned project to Phase 4.3 Installation & Bootstrap System.','4.2','milestone',1,0,'System','2026-06-29 17:23:04',NULL),(11,'2026-06-29','Phase 4.2 Security Hardening Complete','Phase 4.2 Security Hardening has been completed. The Guild CMS now has a documented security baseline including centralized application-layer security headers, Content-Security-Policy Report-Only, cookie and session audit, CSRF audit, upload and file security audit, filesystem permission cleanup, gallery upload hardening, legacy cleanup, and final security review. Development now moves to Phase 4.3: Installation & Bootstrap System.','4.2','milestone',1,0,'System','2026-06-29 17:29:11',NULL),(12,'2026-06-29','Phase 4.3 Installation & Bootstrap System Begins','With Security Hardening complete, The Guild CMS begins Phase 4.3. This phase focuses on the installation and bootstrap system: requirements checks, configuration generation, database setup, first-run setup, installer safety, and the path toward making the CMS portable beyond the flagship TheRegs.org installation.','4.3','milestone',1,0,'System','2026-06-29 17:29:11',NULL),(13,'2026-06-29','Package 4.3.0-1 - Development Center Realignment','Guild CMS enters Phase 4.3 - Engineering Foundation & Governance. The Development Center roadmap has been realigned, Phase 4.2 is marked complete, and the Engineering Library is introduced as the future public home for architecture, standards, governance, and engineering documentation.','4.3','release',0,0,'System','2026-06-29 19:17:10',NULL),(14,'2026-06-29','Public site prepared for Engineering Library','Public navigation, footer resources, roadmap text, documentation links, Engineering Library landing page, Founder\'s Note, and placeholder volume pages were added for Phase 4.3.','4.3.0-2','session',1,NULL,NULL,'2026-06-29 19:36:44',NULL),(15,'2026-06-29','Engineering Library publication framework established','The Engineering Library now uses a formal public publication model with stable identifiers, shared metadata, library navigation, breadcrumbs, the published Founder\'s Note, and reserved volume pages for future engineering standards.','4.3.0-3','session',1,NULL,NULL,'2026-06-29 19:45:43',NULL),(16,'2026-06-29','Package 4.3.0-3a - Development Center Publication Links','The Development Center now tracks Engineering Library publications as metadata and links to the canonical public documents on https://guildcms.theregs.org/engineering/. Document bodies remain on the public Guild CMS site to avoid duplicate sources of truth.','4.3','release',0,0,'System','2026-06-29 19:55:15',NULL),(17,'2026-06-29','GCMS-ENG-001 - The Guild CMS Constitution published','Published GCMS-ENG-001 as the first official Constitution publication in the Guild CMS Engineering Library. Volume I is now marked Published, the Development Center tracks the publication metadata, and the public site contains the authoritative document body.','4.3.0-4','session',1,NULL,NULL,'2026-06-29 20:35:31',NULL),(18,'2026-06-29','GCMS-ENG-003 Engineering Principles published','Published GCMS-ENG-003 Engineering Principles as Volume III of the Guild CMS Engineering Library. The Development Center now tracks the publication as published and links to the public Engineering Library as the authoritative source.','4.3.0-5','session',1,NULL,NULL,'2026-06-29 20:51:27',NULL),(19,'2026-06-29','GCMS-ENG-004 Architecture Standards published','Published GCMS-ENG-004 Architecture Standards as Volume IV of the Guild CMS Engineering Library. The Development Center now tracks the publication as published and links to the public Engineering Library as the authoritative source.','4.3.0-6','session',1,NULL,NULL,'2026-06-29 20:58:00',NULL),(20,'2026-06-29','GCMS-ENG-005 Developer Handbook published','Published GCMS-ENG-005 Developer Handbook as Volume V of the Guild CMS Engineering Library. The Development Center now tracks the publication as published and links to the public Engineering Library as the authoritative source.','4.3.0-7','session',1,NULL,NULL,'2026-06-29 21:12:55',NULL),(21,'2026-06-29','GCMS-ENG-006 Contribution Guide published','Published GCMS-ENG-006 Contribution Guide as Volume VI of the Guild CMS Engineering Library. The Development Center now tracks the publication as published and links to the public Engineering Library as the authoritative source.','4.3.0-8','session',1,NULL,NULL,'2026-06-29 21:28:36',NULL),(22,'2026-06-29','GCMS-ENG-007 Coding Standards published','Published GCMS-ENG-007 Coding Standards as Volume VII of the Guild CMS Engineering Library. The Development Center now tracks the publication as published and links to the public Engineering Library as the authoritative source.','4.3.0-8','session',1,NULL,NULL,'2026-06-29 21:41:07',NULL),(23,'2026-06-29','GCMS-ENG-008 Security Standards published','Published GCMS-ENG-008 as the official Security Standards publication for Guild CMS. The publication defines required security practices for validation, escaping, CSRF, authentication, authorization, SQL, uploads, sessions, cookies, security headers, logging, privacy, dependencies, release security review, and security defect handling.','4.3.0-9','release',1,NULL,NULL,'2026-06-29 21:46:49',NULL),(24,'2026-06-29','GCMS-ENG-009 Architecture Decision Records published','Published GCMS-ENG-009 as the official Architecture Decision Records publication for Guild CMS. The publication defines the ADR lifecycle, numbering, review process, standard format, and the first foundational ADRs covering the public Engineering Library, Development Center/public site separation, provider-based architecture, incremental release packages, and the engineering publication system.','4.3.0-10','release',1,NULL,NULL,'2026-06-29 21:54:06',NULL),(25,'2026-06-29','GCMS-ENG-010 Engineering Roadmap and Publication Framework published','Published GCMS-ENG-010 as the Engineering Roadmap and Publication Framework for the Guild CMS Engineering Library. The publication defines the publication lifecycle, numbering model, versioning rules, review process, future volumes, maintenance requirements, and marks Volume I of the Engineering Library as complete.','4.3.0-11','release',1,NULL,NULL,'2026-06-29 21:59:23',NULL),(26,'2026-06-29','Engineering Library Volume I completed','Completed the Volume I audit for the Guild CMS Engineering Library. GCMS-ENG-000 through GCMS-ENG-010 are now published as the foundational engineering publication set covering governance, constitution, vision, principles, architecture, developer workflow, contributions, coding, security, ADRs, and publication framework.','4.3.0-12','milestone',1,NULL,NULL,'2026-06-29 22:06:08',NULL),(27,'2026-06-30','Package 4.3.0-13 Phase Realignment Final','Phase 4.3 has been closed as Engineering Foundation & Governance. Installer and bootstrap milestones were moved into Phase 4.4 so the next phase begins from a clean Installation & Bootstrap System roadmap.','4.3.0-13','milestone',1,0,'Guild CMS','2026-06-30 11:34:02',NULL),(28,'2026-06-30','Package 4.4.0-1 - Installation Architecture','Opened Phase 4.4 - Installation & Bootstrap System. Defined the Guild CMS installer boundary, bootstrap stage model, package sequence, and security expectations. Updated roadmap metadata and public project pages.','4.4','release',1,0,'System','2026-06-30 12:11:21',NULL),(29,'2026-06-30','GCMS-ENG-011 User Experience & Educational Design Principles Published','Published GCMS-ENG-011 as the Guild CMS Engineering Library standard for user experience and educational design. The publication defines explain-before-asking, teach-don\'t-assume, educational installer design, confidence-building workflows, and recovery-oriented error guidance for Phase 4.4 and future user-facing work.','4.4.0-2','milestone',1,0,'Guild CMS','2026-06-30 13:32:12',NULL),(31,'2026-06-30','Installer Framework','Added the initial devsite /install/ framework and established devsite as the installable Guild CMS product tree. Updated Phase 4.4 roadmap tracking using schema-valid enum values.','4.4.0-2','milestone',1,0,'Guild CMS','2026-06-30 13:54:12','2026-06-30 13:54:12'),(32,'2026-06-30','Phase 4.4 Installer Roadmap Refined','Refined the Phase 4.4 installer roadmap around the devsite installable product tree. The sequence now moves from installation architecture and installer framework into setup detection, product separation, installer expansion, requirements validation, database bootstrap, installation completion, and installer security review. Phase 4.5 remains Data Normalization & Governance and Phase 4.6 remains Upgrade & Migration Framework.','4.4.0-2b','milestone',1,0,'Guild CMS','2026-06-30 13:54:12','2026-06-30 13:54:12'),(33,'2026-06-30','GCMS-ENG-011 User Experience & Educational Design Principles Published','Published GCMS-ENG-011 as the Guild CMS Engineering Library standard for product experience and educational design. The publication defines explain-before-asking, teach-don\'t-assume, system readiness, installer navigation, save/resume, cancel safety, meaningful progress, contextual help, recovery-oriented errors, accessibility, and the principle that the installer introduces the Guild CMS experience.','4.4.0-3','milestone',1,0,'Guild CMS','2026-06-30 14:40:45',NULL),(34,'2026-06-30','Package 4.4.0-4 First Installer Published','Introduced the first Guild CMS installer experience in devsite, including setup detection, a setup-required landing page, config sample reference, expanded installer step model, required system readiness checks, recommended feature checks, progress display, save and cancel controls, and public/admin documentation updates.','4.4','milestone',1,0,'Guild CMS','2026-06-30 15:16:23',NULL),(35,'2026-06-30','Package 4.4.0-5 - System Readiness Check','Implemented the first testable installer validation step. Guild CMS now separates required server readiness checks from recommended feature checks, explains why each item matters, provides corrective guidance, and blocks continuation only when a required runtime capability is missing.','4.4.0-5','release',1,0,'Guild CMS','2026-06-30 15:38:18',NULL),(36,'2026-06-30','GCMS-ENG-012 Installer Testing & Certification Framework Published','Published GCMS-ENG-012 to define installer testing philosophy, PHP runtime support policy, certification environments, base and perfect expectations, failure recovery tests, UX validation, security checks, and release certification standards for Phase 4.4.','4.4.0-6','milestone',1,0,'Guild CMS','2026-06-30 16:52:08',NULL),(37,'2026-06-30','GCMS-ENG-013 Development & Release Standard Published','Published GCMS-ENG-013 to define the official Guild CMS development and release standard, including package layout, changed-file packaging, SQL migration rules, roadmap semantics, validation gates, release documentation, package manifests, and Git baseline policy.','4.4.0-7','milestone',1,0,'Guild CMS','2026-06-30 17:26:03',NULL),(38,'2026-06-30','Installer Environment Detection Added','Added platform intelligence to the Guild CMS installer so it can detect the operating system, package manager family, web server, PHP runtime, database drivers, filesystem readiness, HTTPS status, SELinux, and AppArmor before later setup steps use that information for guidance.','4.4.0-8','release',1,0,'Guild CMS','2026-06-30 18:01:37',NULL),(39,'2026-06-30','Environment Detection Usability Enhanced','Refined the installer Environment Detection page to explain results before displaying technical details. Added effective PHP user/group, document root, includes directory ownership, permissions, php.ini information, progressive disclosure, and permission guidance.','4.4.0-8a','release',1,0,'Guild CMS','2026-06-30 18:28:22',NULL),(40,'2026-07-01','Package 4.4.0-9 - Installer Certification Milestone 1 Published','Published Installer Certification Milestone 1 for Guild CMS Installer 4.4.0-8a. Certification reports now document Rocky Linux 9.8 with Virtualmin, Rocky Linux 9.8 Minimal, AlmaLinux 9.8 Minimal, Ubuntu 24 Minimal, and Debian 12 Minimal. Phase 4.4 is complete and Phase 4.5 - Core Installation Experience is ready to begin.','4.4.0-9','milestone',1,0,'Guild CMS','2026-07-01 23:26:37',NULL),(41,'2026-07-01','Package 4.4.0-10 - Phase Roadmap Realignment','Phase 4.4 has been realigned to represent the complete installer lifecycle. Configuration generation, requirements validation, database bootstrap, database initialization, administrator account creation, first-run site configuration, plugin manifest format, plugin discovery, hook/event system, site bootstrap, and installation locking/recovery now remain in Phase 4.4. Phase 4.5 is restored as Data Normalization & Governance. No new installer runtime functionality was introduced in this package.','4.4.0-10','milestone',1,0,'Guild CMS','2026-07-01 23:53:30',NULL);
/*!40000 ALTER TABLE `project_changelog_entries` ENABLE KEYS */;
UNLOCK TABLES;

--
-- Table structure for table `project_development_sessions`
--

DROP TABLE IF EXISTS `project_development_sessions`;
/*!40101 SET @saved_cs_client     = @@character_set_client */;
/*!40101 SET character_set_client = utf8mb4 */;
CREATE TABLE `project_development_sessions` (
  `id` int(10) unsigned NOT NULL AUTO_INCREMENT,
  `session_date` date NOT NULL,
  `title` varchar(180) NOT NULL,
  `phase_key` varchar(32) DEFAULT NULL,
  `focus` text DEFAULT NULL,
  `completed` text DEFAULT NULL,
  `files_changed` text DEFAULT NULL,
  `next_steps` text DEFAULT NULL,
  `status` enum('planned','active','complete','archived') NOT NULL DEFAULT 'complete',
  `started_at` datetime DEFAULT NULL,
  `completed_at` datetime DEFAULT NULL,
  `created_by_user_id` int(10) unsigned DEFAULT NULL,
  `created_by_username` varchar(255) DEFAULT NULL,
  `created_at` datetime NOT NULL DEFAULT current_timestamp(),
  `updated_at` datetime DEFAULT NULL ON UPDATE current_timestamp(),
  PRIMARY KEY (`id`),
  KEY `idx_project_sessions_date` (`session_date`),
  KEY `idx_project_sessions_phase` (`phase_key`),
  KEY `idx_project_sessions_status` (`status`)
) ENGINE=InnoDB AUTO_INCREMENT=17 DEFAULT CHARSET=utf8mb4 COLLATE=utf8mb4_unicode_ci;
/*!40101 SET character_set_client = @saved_cs_client */;

--
-- Dumping data for table `project_development_sessions`
--

LOCK TABLES `project_development_sessions` WRITE;
/*!40000 ALTER TABLE `project_development_sessions` DISABLE KEYS */;
INSERT INTO `project_development_sessions` VALUES (1,'2026-06-29','Development Center 0.2','4.1K','Upgrade the Development Center from a basic roadmap viewer into a stronger project dashboard.','Added project metrics, session tracking, vision notes, dashboard health cards, timeline view, and session log support.','admin/pages/development.inc.php; sql/phase4_1k_development_center_0_2.sql','Verify in Admin, then begin Phase 4.2 Security Hardening.','complete',NULL,'2026-06-29 02:14:51',NULL,NULL,'2026-06-29 02:14:51',NULL),(2,'2026-06-29','Phase 4.2 Finalization Preparation','4.2','Record completed Security Hardening audits and remediation, prepare Development Center v0.8, and prepare public site update content.','Completed upload/file security review, filesystem permission cleanup, Gallery upload hardening, and Development Center v0.8 preparation.','admin/pages/development.inc.php; admin/pages/gallery.inc.php; images/gallery/.htaccess','Perform final Phase 4.2 security review, update public Guild CMS site, then sign off Phase 4.2 and begin Phase 4.3.','complete',NULL,'2026-06-29 16:11:25',0,'System','2026-06-29 16:11:25',NULL),(3,'2026-06-30','Package 4.3.0-13 Phase Realignment Final','4.3.0-13','Correct the Phase 4.3 and Phase 4.4 roadmap boundary before installer development begins.','Closed Phase 4.3 as Engineering Foundation & Governance, moved installer/bootstrap items to Phase 4.4, and synchronized the public and Development Center roadmaps.','Development Center roadmap, public roadmap, timeline, journal, changelog, SQL migration, and release documentation.','Begin Phase 4.4 Package 4.4.0-1 with installer/bootstrap architecture and no public-info-site installer scope confusion.','complete',NULL,'2026-06-30 11:34:02',0,'Guild CMS','2026-06-30 11:34:02',NULL),(4,'2026-06-30','Package 4.4.0-1 - Installation Architecture','4.4','Define the Guild CMS installer architecture and bootstrap framework boundary.','Activated Phase 4.4, defined the installer stage model, updated public and Development Center roadmap metadata, and documented installer security expectations.','Development Center roadmap, public roadmap, timeline, journal, changelog, release history, SQL migration, and installation architecture documentation.','Begin the requirements checker foundation package.','complete',NULL,'2026-06-30 12:11:21',0,'System','2026-06-30 12:11:21',NULL),(5,'2026-06-30','Phase 4.4 Installer Framework','4.4.0-2','Establish devsite as the installable Guild CMS product tree and begin the installer framework.','Created the initial installer framework concept, recorded Phase 4.4 progress, and confirmed the package separation between admin, guildcms, devsite, and shared SQL.','devsite installer framework files; admin/guildcms reference updates; shared SQL migration.','Continue Phase 4.4 with setup detection, product separation preparation, and installer UX refinement.','complete',NULL,'2026-06-30 13:54:12',0,'Guild CMS','2026-06-30 13:54:12','2026-06-30 13:54:12'),(6,'2026-06-30','GCMS-ENG-011 Published','4.4.0-2','Capture Guild CMS user experience and educational design principles before continuing installer implementation.','Published GCMS-ENG-011 and established explain-before-asking, teach-don\'t-assume, confidence-building workflows, and recovery-oriented errors as product design requirements.','admin Engineering Library references; guildcms public Engineering Library references; devsite installer UX reference documentation; shared SQL migration.','Apply GCMS-ENG-011 principles to setup detection, installer screens, and future user-facing administration workflows.','complete',NULL,'2026-06-30 13:54:12',0,'Guild CMS','2026-06-30 13:54:12','2026-06-30 13:54:12'),(7,'2026-06-30','Phase 4.4 Roadmap Refinement','4.4.0-2b','Refine the Phase 4.4 installer roadmap against the devsite installable product tree.','Updated the planned Phase 4.4 sequence to focus on setup detection, product separation preparation, installer expansion, requirements validation, database bootstrap, completion, and installer security review.','Development Center roadmap references, Guild CMS public roadmap references, shared SQL migration, and release documentation.','Begin Package 4.4.0-3 with setup detection and product separation preparation.','complete',NULL,'2026-06-30 13:54:12',0,'Guild CMS','2026-06-30 13:54:12','2026-06-30 13:54:12'),(8,'2026-06-30','Package 4.4.0-3 - GCMS-ENG-011 User Experience and Educational Design Principles','4.4.0-3','Capture the Guild CMS product experience philosophy before further installer implementation.','Published GCMS-ENG-011 and updated the public Guild CMS Engineering Library plus Development Center publication tracking. The document defines educational design, installer first impressions, system readiness, contextual help, safe navigation, resume/cancel behavior, error recovery, accessibility, and product experience review questions.','admin/pages/development.inc.php; admin/data/development_center_data.php; guildcms/engineering/includes/library.php; guildcms/engineering/user-experience.php; guildcms/docs/engineering/GCMS-ENG-011_User_Experience_Educational_Design_Principles.md; sql/guildcms_4_4_0_3_gcms_eng_011.sql','Begin Package 4.4.0-4 with setup detection and product separation preparation for the devsite installable tree.','complete',NULL,'2026-06-30 14:40:45',0,'Guild CMS','2026-06-30 14:40:45',NULL),(9,'2026-06-30','Package 4.4.0-4 First Installer','4.4','Begin real installer implementation against the devsite installable product tree.','Added setup detection, setup-required page, config sample, expanded installer steps, required and recommended environment checks, installer progress UI, save/cancel controls, and synchronized public/admin references.','devsite/index.php; devsite/includes/setup_required.php; devsite/includes/config.sample.inc.php; devsite/install/*; admin/pages/installer_architecture.inc.php; admin/data/development_center_data.php; guildcms/installation.php','Continue with deeper setup detection, product separation cleanup, and configuration generation in the next Phase 4.4 package.','complete','2026-06-30 15:16:23','2026-06-30 15:16:23',0,'Guild CMS','2026-06-30 15:16:23',NULL),(10,'2026-06-30','Package 4.4.0-5 - System Readiness Check','4.4','Make the Guild CMS installer test real server readiness before collecting database or configuration information.','Implemented required and recommended installer checks, explanatory pass/warning/fail messaging, recheck behavior, and public/Development Center updates.','devsite/install/classes/InstallerEnvironment.php; devsite/install/steps/RequirementsStep.php; devsite/install/steps/RecommendedStep.php; devsite/install/templates/layout.php; devsite/install/assets/install.css; guildcms/installation.php; admin/data/development_center_data.php; sql/guildcms_4_4_0_5_system_readiness.sql','Continue Phase 4.4 with installer save/resume refinement or the next installer step implementation.','complete',NULL,'2026-06-30 15:38:18',0,'Guild CMS','2026-06-30 15:38:18',NULL),(11,'2026-06-30','Package 4.4.0-6 - GCMS-ENG-012 Installer Testing & Certification Framework','4.4.0-6','Define the installer testing and certification framework before continuing deeper installer implementation.','Published GCMS-ENG-012, documented runtime support policy, certification environments, base and perfect installer expectations, failure recovery tests, UX validation, security checks, and release certification criteria.','admin/, guildcms/, devsite/docs/, sql/, release documentation','Use the certification framework to validate future Phase 4.4 installer packages on development and clean installation environments.','complete',NULL,'2026-06-30 16:52:08',0,'Guild CMS','2026-06-30 16:52:08',NULL),(12,'2026-06-30','Package 4.4.0-7 - GCMS-ENG-013 Development & Release Standard','4.4.0-7','Establish the standard package, release, SQL, validation, and Git baseline workflow for Guild CMS development.','Published GCMS-ENG-013, updated Engineering Library metadata, added public and Development Center references, and documented the official changed-files package layout and validation requirements.','admin/, guildcms/, devsite/docs/, sql/, release documentation','Use GCMS-ENG-013 as the default package standard for future Guild CMS development prompts and release packages.','complete',NULL,'2026-06-30 17:26:03',0,'Guild CMS','2026-06-30 17:26:03',NULL),(13,'2026-06-30','Package 4.4.0-8 - Installer Environment Detection','4.4.0-8','Add platform intelligence to the installer so later readiness, database, and configuration steps can explain issues using the detected server environment.','Added environment detection step, platform detector, session storage for environment snapshots, PHP 8.2 minimum preflight, installer documentation updates, and public/admin installer references.','devsite/install/, devsite/docs/, admin/pages/installer_architecture.inc.php, guildcms/installation.php, guildcms/docs/engineering/, sql/, release documentation','Use the detected environment snapshot in the next installer packages for readiness validation, recommended features, and platform-specific remediation guidance.','complete',NULL,'2026-06-30 18:01:37',0,'Guild CMS','2026-06-30 18:01:37',NULL),(14,'2026-06-30','Package 4.4.0-8a - Environment Detection Usability','4.4.0-8a','Improve installer Environment Detection so new administrators can understand filesystem paths, PHP execution user, ownership, permissions, and technical details without being overwhelmed.','Added progressive disclosure to Environment Detection, expanded platform detection to include PHP user/group and filesystem ownership, improved includes directory explanation, and updated installer usability guidance.','devsite/install/classes/InstallerPlatform.php, devsite/install/steps/EnvironmentStep.php, devsite/install/assets/install.css, devsite/docs/INSTALLER_PLATFORM_INTELLIGENCE.md, guildcms/docs/engineering/, admin/pages/installer_architecture.inc.php, guildcms/installation.php','Use the enhanced environment snapshot in System Readiness and future permission remediation checks.','complete',NULL,'2026-06-30 18:28:22',0,'Guild CMS','2026-06-30 18:28:22',NULL),(15,'2026-07-01','Package 4.4.0-9 - Installer Certification Milestone 1 Publication','4.4.0-9','Publish Installer Certification Milestone 1 and close Phase 4.4 - Installation & Bootstrap System.','Published certification reports, certification summary, certification template, public Engineering Library updates, Development Center publication tracking, roadmap, timeline, journal, changelog, and release documentation for Installer Certification Milestone 1.','admin/, guildcms/, devsite/, sql/, release documentation, certification reports, Engineering Library pages, roadmap, timeline, journal, and changelog.','Begin Phase 4.5 - Core Installation Experience with configuration generation, database initialization, first administrator setup, first-run site configuration, and installation locking.','complete',NULL,'2026-07-01 23:26:37',0,'Guild CMS','2026-07-01 23:26:37',NULL),(16,'2026-07-01','Package 4.4.0-10 - Phase Roadmap Realignment','4.4.0-10','Realign the roadmap so Phase 4.4 owns the complete installer lifecycle.','Moved installer lifecycle items from Phase 4.5 into Phase 4.4, restored Phase 4.5 as Data Normalization & Governance, and preserved normalized roadmap sort_order values.','admin/, guildcms/, devsite/, sql/, release documentation','Continue Phase 4.4 implementation against the complete installer lifecycle roadmap.','complete',NULL,'2026-07-01 23:53:30',0,'Guild CMS','2026-07-01 23:53:30',NULL);
/*!40000 ALTER TABLE `project_development_sessions` ENABLE KEYS */;
UNLOCK TABLES;

--
-- Table structure for table `project_ideas`
--

DROP TABLE IF EXISTS `project_ideas`;
/*!40101 SET @saved_cs_client     = @@character_set_client */;
/*!40101 SET character_set_client = utf8mb4 */;
CREATE TABLE `project_ideas` (
  `id` int(10) unsigned NOT NULL AUTO_INCREMENT,
  `title` varchar(180) NOT NULL,
  `description` text DEFAULT NULL,
  `status` enum('new','accepted','planned','in_progress','complete','deferred','rejected','archived') NOT NULL DEFAULT 'new',
  `priority` enum('low','normal','high','critical') NOT NULL DEFAULT 'normal',
  `category` varchar(80) DEFAULT NULL,
  `created_by_user_id` int(10) unsigned DEFAULT NULL,
  `created_by_username` varchar(255) DEFAULT NULL,
  `created_at` datetime NOT NULL DEFAULT current_timestamp(),
  `updated_at` datetime DEFAULT NULL ON UPDATE current_timestamp(),
  `is_public` tinyint(1) NOT NULL DEFAULT 0,
  PRIMARY KEY (`id`),
  KEY `idx_project_ideas_status` (`status`),
  KEY `idx_project_ideas_priority` (`priority`),
  KEY `idx_project_ideas_category` (`category`)
) ENGINE=InnoDB AUTO_INCREMENT=5 DEFAULT CHARSET=utf8mb4 COLLATE=utf8mb4_unicode_ci;
/*!40101 SET character_set_client = @saved_cs_client */;

--
-- Dumping data for table `project_ideas`
--

LOCK TABLES `project_ideas` WRITE;
/*!40000 ALTER TABLE `project_ideas` DISABLE KEYS */;
INSERT INTO `project_ideas` VALUES (1,'Site Manager','Create/archive/restore/remove site sections from Admin. Generate folders, wrappers, navigation, admin registration, defaults, and permissions.','planned','high','Platform',NULL,NULL,'2026-06-29 01:53:22',NULL,0),(2,'Platform Independence from phpBB','Make phpBB an optional provider. Add native auth/user fallback and provider abstractions.','planned','high','Architecture',NULL,NULL,'2026-06-29 01:53:22',NULL,0),(3,'CDN-backed Asset/Icon Picker','Replace typed icon paths with an admin browser that scans managed CDN asset folders.','planned','normal','Admin UX',NULL,NULL,'2026-06-29 01:53:22',NULL,0),(4,'AWStats Dashboard Integration','Integrated AWStats configuration/plugin/maintenance manager as part of TheRegs Analytics Dashboard.','planned','normal','Analytics',NULL,NULL,'2026-06-29 01:53:22',NULL,0);
/*!40000 ALTER TABLE `project_ideas` ENABLE KEYS */;
UNLOCK TABLES;

--
-- Table structure for table `project_metrics`
--

DROP TABLE IF EXISTS `project_metrics`;
/*!40101 SET @saved_cs_client     = @@character_set_client */;
/*!40101 SET character_set_client = utf8mb4 */;
CREATE TABLE `project_metrics` (
  `id` int(10) unsigned NOT NULL AUTO_INCREMENT,
  `metric_key` varchar(80) NOT NULL,
  `metric_label` varchar(160) NOT NULL,
  `metric_value` varchar(80) NOT NULL,
  `metric_group` varchar(80) NOT NULL DEFAULT 'General',
  `sort_order` int(11) NOT NULL DEFAULT 0,
  `updated_at` datetime NOT NULL DEFAULT current_timestamp() ON UPDATE current_timestamp(),
  PRIMARY KEY (`id`),
  UNIQUE KEY `uq_project_metric_key` (`metric_key`),
  KEY `idx_project_metric_group` (`metric_group`),
  KEY `idx_project_metric_sort` (`sort_order`)
) ENGINE=InnoDB AUTO_INCREMENT=8 DEFAULT CHARSET=utf8mb4 COLLATE=utf8mb4_unicode_ci;
/*!40101 SET character_set_client = @saved_cs_client */;

--
-- Dumping data for table `project_metrics`
--

LOCK TABLES `project_metrics` WRITE;
/*!40000 ALTER TABLE `project_metrics` DISABLE KEYS */;
INSERT INTO `project_metrics` VALUES (1,'php_files','PHP Files','80','Codebase',10,'2026-06-29 03:02:14'),(2,'audit_findings','Audit Findings','21','Codebase',20,'2026-06-29 02:14:51'),(3,'direct_superglobals','Direct Superglobals','0','Security',10,'2026-06-29 02:14:51'),(4,'sites_reviewed','Sites Reviewed','8','Modernization',10,'2026-06-29 02:14:51'),(5,'roadmap_items','Roadmap Items','22','Planning',10,'2026-06-29 02:14:51'),(6,'ideas_tracked','Ideas Tracked','4','Planning',20,'2026-06-29 02:14:51'),(7,'architecture_notes','Architecture Notes','2','Documentation',10,'2026-06-29 02:14:51');
/*!40000 ALTER TABLE `project_metrics` ENABLE KEYS */;
UNLOCK TABLES;

--
-- Table structure for table `project_roadmap_items`
--

DROP TABLE IF EXISTS `project_roadmap_items`;
/*!40101 SET @saved_cs_client     = @@character_set_client */;
/*!40101 SET character_set_client = utf8mb4 */;
CREATE TABLE `project_roadmap_items` (
  `id` int(10) unsigned NOT NULL AUTO_INCREMENT,
  `phase_id` int(10) unsigned NOT NULL,
  `parent_id` int(10) unsigned DEFAULT NULL,
  `item_key` varchar(80) DEFAULT NULL,
  `title` varchar(180) NOT NULL,
  `description` text DEFAULT NULL,
  `status` enum('planned','in_progress','complete','deferred','archived') NOT NULL DEFAULT 'planned',
  `progress` tinyint(3) unsigned NOT NULL DEFAULT 0,
  `sort_order` int(11) NOT NULL DEFAULT 0,
  `created_at` datetime NOT NULL DEFAULT current_timestamp(),
  `updated_at` datetime DEFAULT NULL ON UPDATE current_timestamp(),
  `is_public` tinyint(1) NOT NULL DEFAULT 1,
  PRIMARY KEY (`id`),
  KEY `idx_project_roadmap_item_phase` (`phase_id`),
  KEY `idx_project_roadmap_item_parent` (`parent_id`),
  KEY `idx_project_roadmap_item_status` (`status`),
  KEY `idx_project_roadmap_item_sort` (`sort_order`),
  CONSTRAINT `fk_project_roadmap_item_parent` FOREIGN KEY (`parent_id`) REFERENCES `project_roadmap_items` (`id`) ON DELETE SET NULL,
  CONSTRAINT `fk_project_roadmap_item_phase` FOREIGN KEY (`phase_id`) REFERENCES `project_roadmap_phases` (`id`) ON DELETE CASCADE
) ENGINE=InnoDB AUTO_INCREMENT=156 DEFAULT CHARSET=utf8mb4 COLLATE=utf8mb4_unicode_ci;
/*!40101 SET character_set_client = @saved_cs_client */;

--
-- Dumping data for table `project_roadmap_items`
--

LOCK TABLES `project_roadmap_items` WRITE;
/*!40000 ALTER TABLE `project_roadmap_items` DISABLE KEYS */;
INSERT INTO `project_roadmap_items` VALUES (1,6,NULL,'shared-pages','Shared Pages Review','includes/pages modernization and final consistency sweep.','complete',100,10,'2026-06-29 01:53:22',NULL,1),(2,6,NULL,'ac','Asheron\'s Call Review','AC subsystem and tree/sidebar cleanup.','complete',100,20,'2026-06-29 01:53:22',NULL,1),(3,6,NULL,'ao','Anarchy Online Review','AO request handling modernization and extras validation.','complete',100,30,'2026-06-29 01:53:22',NULL,1),(4,6,NULL,'tsw','The Secret World Review','TSW request handling modernization.','complete',100,40,'2026-06-29 01:53:22',NULL,1),(5,6,NULL,'wow','World of Warcraft Review','WoW request handling modernization and world page cleanup.','complete',100,50,'2026-06-29 01:53:22',NULL,1),(6,6,NULL,'cod','Call of Duty Review','CoD subsystem validation.','complete',100,60,'2026-06-29 01:53:22',NULL,1),(7,6,NULL,'coh','City of Heroes Review','CoH subsystem validation.','complete',100,70,'2026-06-29 01:53:22',NULL,1),(8,6,NULL,'eve','Eve Online Review','EVE subsystem validation.','complete',100,80,'2026-06-29 01:53:22',NULL,1),(9,6,NULL,'fo76','Fallout 76 Review','FO76 subsystem validation.','complete',100,90,'2026-06-29 01:53:22',NULL,1),(10,6,NULL,'layout','Layout Framework Review','includes/layout framework validation and cleanup.','complete',100,100,'2026-06-29 01:53:22',NULL,1),(11,6,NULL,'site-sidebars','Main Site Sidebars','includes/sites/site sidebar validation.','complete',100,110,'2026-06-29 01:53:22',NULL,1),(79,8,NULL,NULL,'Security Headers','CSP, Permissions-Policy, Referrer-Policy, X-Content-Type-Options, frame policy, and related security headers.','complete',100,10,'2026-06-29 15:07:55',NULL,1),(80,8,NULL,NULL,'Cookie & Session Audit','Cookie flags, phpBB session integration, session lifetime, cookie ownership, and future native session requirements.','complete',100,20,'2026-06-29 15:07:55',NULL,1),(81,8,NULL,NULL,'CSRF Audit','Verify public/admin POST forms, token generation, token validation, and request processing order.','complete',100,30,'2026-06-29 15:07:55',NULL,1),(82,8,NULL,NULL,'CSP Asset Inventory','Inventory scripts, styles, images, frames, fonts, external sources, and inline content requirements.','complete',100,40,'2026-06-29 15:07:55',NULL,1),(83,8,NULL,NULL,'CSP Report-Only Deployment','Deploy Content-Security-Policy-Report-Only from Guild CMS and retire Apache-enforced CSP for the flagship installation.','complete',100,50,'2026-06-29 15:07:55',NULL,1),(84,8,NULL,NULL,'CSP Policy Tuning','Tune report-only CSP violations, verify trusted sources, and prepare for future enforcement.','complete',100,60,'2026-06-29 15:07:55','2026-06-29 17:29:11',1),(85,8,NULL,NULL,'Upload & File Security Audit','Audit upload paths, gallery handling, extension validation, MIME checks, path traversal controls, and direct execution risk.','complete',100,70,'2026-06-29 15:07:55','2026-06-29 16:11:25',1),(86,8,NULL,NULL,'Filesystem & Permissions Review','Review writable directories, file ownership, file modes, upload directory protections, and execution prevention.','complete',100,80,'2026-06-29 15:07:55','2026-06-29 17:29:11',1),(87,8,NULL,NULL,'Final Phase 4.2 Security Review','Confirm all Phase 4.2 security findings are documented, critical issues resolved, CSP strategy finalized, and phase completion criteria satisfied.','complete',100,90,'2026-06-29 15:07:55','2026-06-29 17:29:11',1),(88,12,NULL,'4.4.0-6','Requirements & Validation','Validate PHP, required extensions, writable paths, sessions, filesystem behavior, database readiness, and installation safety before bootstrap work begins.','planned',0,450,'2026-06-29 15:07:55','2026-07-01 23:53:30',1),(89,12,NULL,NULL,'Configuration Generator','Collect installation settings and generate safe configuration output for review without requiring manual edits.','planned',0,451,'2026-06-29 15:07:55','2026-07-01 23:53:30',1),(90,12,NULL,'4.4.0-7','Database Bootstrap','Install schema, seed default data, prepare administrator creation, and validate database bootstrap safety.','planned',0,452,'2026-06-29 15:07:55','2026-07-01 23:53:30',1),(91,12,NULL,NULL,'Site Bootstrap','Create the initial site identity, default theme, admin access, and base content.','planned',0,459,'2026-06-29 15:07:55','2026-07-01 23:53:30',1),(92,12,NULL,NULL,'Authentication Provider Bootstrap','Support phpBB as the initial authentication provider while preparing for future native providers.','archived',0,50,'2026-06-29 15:07:55','2026-06-30 13:54:12',0),(93,12,NULL,'4.4.0-9','Installer Security Review','Review installer attack surface, lockout behavior, configuration handling, permissions, and recovery paths before the next phase.','complete',100,90,'2026-06-29 15:07:55','2026-07-01 23:26:37',1),(94,12,NULL,NULL,'Plugin Manifest Format','Define plugin metadata, compatibility, dependency, permissions, and lifecycle fields required during bootstrap.','planned',0,456,'2026-06-29 15:07:55','2026-07-01 23:53:30',1),(95,12,NULL,NULL,'Plugin Discovery','Discover installed plugins and validate manifests safely during installation and bootstrap.','planned',0,457,'2026-06-29 15:07:55','2026-07-01 23:53:30',1),(96,12,NULL,NULL,'Hook/Event System','Provide controlled extension points for modules, themes, plugins, and installer/bootstrap events.','planned',0,458,'2026-06-29 15:07:55','2026-07-01 23:53:30',1),(97,12,NULL,NULL,'Plugin Security Review','Review plugin trust boundaries, permissions, upload/install behavior, hooks, and execution controls before phase completion.','planned',0,40,'2026-06-29 15:07:55',NULL,1),(98,13,NULL,NULL,'Admin UX Review','Modernize admin navigation, consistency, forms, lists, filters, and dashboards.','planned',0,10,'2026-06-29 15:07:55',NULL,1),(99,13,NULL,NULL,'Development Center Data Editing','Convert Development Center content into editable database-backed admin tools.','planned',0,20,'2026-06-29 15:07:55',NULL,1),(100,13,NULL,NULL,'Admin Security Review','Review admin authorization, CSRF, audit logging, destructive actions, and access controls before phase completion.','planned',0,30,'2026-06-29 15:07:55',NULL,1),(101,14,NULL,NULL,'Core Identity','Define Guild CMS versioning, schema versioning, API versioning, and platform identity.','planned',0,10,'2026-06-29 15:07:55',NULL,1),(102,14,NULL,NULL,'Service Container','Create a foundation for shared services and dependency management.','planned',0,20,'2026-06-29 15:07:55',NULL,1),(103,14,NULL,NULL,'Security Header Service','Refactor security headers/CSP into a platform service.','planned',0,30,'2026-06-29 15:07:55',NULL,1),(104,14,NULL,NULL,'Core Security Review','Review core services, bootstrap, configuration, error handling, and platform assumptions before phase completion.','planned',0,40,'2026-06-29 15:07:55',NULL,1),(105,15,NULL,NULL,'Site Registry','Manage multiple sites/sections through a consistent CMS registry.','planned',0,10,'2026-06-29 15:07:55',NULL,1),(106,15,NULL,NULL,'Site Settings','Move site identity, URLs, assets, navigation, and feature toggles into managed settings.','planned',0,20,'2026-06-29 15:07:55',NULL,1),(107,15,NULL,NULL,'Site Management Security Review','Review per-site isolation, permissions, settings validation, and access control before phase completion.','planned',0,30,'2026-06-29 15:07:55',NULL,1),(108,16,NULL,NULL,'Theme Manifest','Define theme metadata, assets, compatibility, parent/child relationships, and settings.','planned',0,10,'2026-06-29 15:07:55',NULL,1),(109,16,NULL,NULL,'Theme Asset Pipeline','Load theme CSS/JS/assets consistently and safely.','planned',0,20,'2026-06-29 15:07:55',NULL,1),(110,16,NULL,NULL,'Theme Security Review','Review template escaping, asset loading, CSP compatibility, and upload/install behavior before phase completion.','planned',0,30,'2026-06-29 15:07:55',NULL,1),(111,17,NULL,NULL,'Marketplace Model','Define how plugins are listed, discovered, installed, and updated.','planned',0,10,'2026-06-29 15:07:55',NULL,1),(112,17,NULL,NULL,'Package Validation','Define validation and trust checks for plugin packages.','planned',0,20,'2026-06-29 15:07:55',NULL,1),(113,17,NULL,NULL,'Marketplace Security Review','Review package authenticity, upload/install controls, dependency handling, and trust boundaries before phase completion.','planned',0,30,'2026-06-29 15:07:55',NULL,1),(114,18,NULL,NULL,'Platform-Wide Security Audit','Review headers, CSP, sessions, cookies, CSRF, uploads, filesystem, installer, plugins, themes, admin, and public surfaces.','planned',0,10,'2026-06-29 15:07:55',NULL,1),(115,18,NULL,NULL,'Release Readiness Review','Validate documentation, installer, upgrade path, public site, packaging, versioning, and release candidate readiness.','planned',0,20,'2026-06-29 15:07:55',NULL,1),(116,18,NULL,NULL,'Release Candidate Sign-Off','Confirm all critical findings are resolved and approve the release candidate for public release.','planned',0,30,'2026-06-29 15:07:55',NULL,1),(117,19,NULL,NULL,'Public Package Release','Publish the initial public Guild CMS release package.','planned',0,10,'2026-06-29 15:07:55',NULL,1),(118,19,NULL,NULL,'Public Documentation','Publish installation, configuration, upgrade, and security documentation.','planned',0,20,'2026-06-29 15:07:55',NULL,1),(119,19,NULL,NULL,'Announcement','Announce the public release after release readiness sign-off.','planned',0,30,'2026-06-29 15:07:55',NULL,1),(120,8,NULL,NULL,'Content Security Policy Audit','Inventory asset sources and deploy Content-Security-Policy-Report-Only.','complete',100,40,'2026-06-29 16:11:25',NULL,1),(121,8,NULL,NULL,'Filesystem & Permissions Audit','Review writable paths and correct legacy 777 directory/file permissions.','complete',100,60,'2026-06-29 16:11:25',NULL,1),(122,8,NULL,NULL,'Gallery Upload Hardening','Improve Gallery upload validation, MIME checking, pre-move validation, and upload-directory execution protection.','complete',100,70,'2026-06-29 16:11:25',NULL,1),(123,11,NULL,NULL,'Engineering Library','Introduce the Guild CMS Engineering Library as the canonical public source for engineering documentation.','complete',100,10,'2026-06-29 19:17:10','2026-06-30 11:34:02',1),(124,11,NULL,NULL,'Engineering Governance','Establish architecture standards, engineering principles, coding standards, security standards, and ADR preparation.','complete',100,20,'2026-06-29 19:17:10','2026-06-30 11:34:02',1),(125,11,NULL,NULL,'Development Center Realignment','Update the Development Center to reflect the revised roadmap and the start of Phase 4.3.','complete',100,30,'2026-06-29 19:17:10',NULL,1),(126,11,NULL,NULL,'Engineering Publications','Publish GCMS-ENG-000 through GCMS-ENG-010 as Engineering Library Volume I.','complete',100,431,'2026-06-30 11:34:02',NULL,1),(127,11,NULL,NULL,'Architecture Decision Records','Establish ADR structure, lifecycle, numbering, and initial foundational architecture decisions.','complete',100,432,'2026-06-30 11:34:02',NULL,1),(128,11,NULL,NULL,'Engineering Workflow','Establish architecture discussion, implementation, security review, public site, and release package workflow.','complete',100,433,'2026-06-30 11:34:02',NULL,1),(129,12,NULL,NULL,'Installer Bootstrap Framework','Create the first installer architecture and bootstrap workflow foundation.','complete',100,448,'2026-06-30 11:34:02','2026-07-01 23:26:37',1),(130,12,NULL,'4.4.0-1','Installation Architecture','Define installer boundaries, bootstrap stage model, devsite installable-product role, package sequence, and security expectations.','complete',100,10,'2026-06-30 12:11:21','2026-06-30 13:54:12',1),(131,22,NULL,'4.5.0-1','Data Normalization Planning','Define the scope, conventions, and audit plan for Guild CMS data normalization and governance.','planned',0,10,'2026-06-30 13:10:51','2026-06-30 13:10:51',1),(132,22,NULL,'4.5.0-2','Roadmap Data Normalization','Normalize roadmap phase and item data, including sort order, status, progress, public visibility, and duplicate/conflicting rows.','planned',0,20,'2026-06-30 13:10:51','2026-06-30 13:10:51',1),(133,22,NULL,'4.5.0-3','Publication and Release Data Governance','Normalize publication tracking, release records, changelog patterns, timeline entries, and journal conventions.','planned',0,30,'2026-06-30 13:10:51','2026-06-30 13:10:51',1),(134,22,NULL,'4.5.0-4','SQL Migration Governance','Establish database migration standards, idempotency rules, schema review practices, and shared SQL delivery conventions.','planned',0,40,'2026-06-30 13:10:51','2026-06-30 13:10:51',1),(141,12,NULL,'4.4.0-2','Installer Framework','Create the initial installer framework skeleton inside devsite and establish the separation between installable product code and reference/documentation sites.','complete',100,20,'2026-06-30 13:54:12','2026-06-30 13:54:12',1),(142,12,NULL,'GCMS-ENG-011','GCMS-ENG-011 – User Experience & Educational Design Principles','Publish the Engineering Library guidance that defines user-facing experience principles: explain before asking, teach rather than assume, build confidence, and provide recovery-oriented errors.','complete',100,25,'2026-06-30 13:54:12','2026-06-30 14:53:01',1),(144,12,NULL,'4.4.0-4','Product Separation Audit','Audit and remove hardcoded TheRegs assumptions from the installable product tree so Guild CMS can become a clean distributable CMS.','planned',0,40,'2026-06-30 13:54:12','2026-06-30 13:54:12',1),(145,12,NULL,'4.4.0-5','System Readiness Check','Implement the first testable installer validation step with required server checks, recommended feature checks, clear explanations, corrective guidance, and safe recheck behavior.','complete',100,50,'2026-06-30 13:54:12','2026-06-30 15:38:18',1),(146,12,NULL,'4.4.0-8','Installer Environment Detection & Platform Intelligence','Detect operating system, distribution version, package manager family, web server, PHP runtime, PHP extensions, database drivers, filesystem readiness, effective PHP user/group, document root, HTTPS status, SELinux, and AppArmor so later installer steps can provide educational platform-aware guidance.','complete',100,48,'2026-06-30 13:54:12','2026-06-30 18:28:22',1),(147,12,NULL,'first-installer','First Installer Experience','Introduce setup detection, a welcoming unconfigured-site page, installer progress navigation, required system readiness checks, recommended feature checks, save/cancel controls, and the first educational installer workflow in devsite.','complete',100,35,'2026-06-30 15:16:23','2026-06-30 15:16:23',1),(148,12,NULL,'GCMS-ENG-012','GCMS-ENG-012 - Installer Testing & Certification Framework','Defines installer testing philosophy, runtime support policy, certification environments, base and perfect expectations, failure and recovery tests, UX validation, security checks, and release certification standards.','complete',100,36,'2026-06-30 16:52:08',NULL,1),(149,12,NULL,'GCMS-ENG-013','GCMS-ENG-013 - Guild CMS Development & Release Standard','Defines the official Guild CMS package workflow, repository layout, release documentation, SQL migration rules, roadmap semantics, validation gates, package manifests, and Git baseline policy.','complete',100,37,'2026-06-30 17:26:03',NULL,1),(150,12,NULL,NULL,'Installer Certification Milestone 1 - Foundation Platforms','Publish certification reports for Rocky Linux 9.8 with Virtualmin, Rocky Linux 9.8 Minimal, AlmaLinux 9.8 Minimal, Ubuntu 24 Minimal, and Debian 12 Minimal using the standardized Installer Certification Report format.','complete',100,499,'2026-07-01 23:26:37',NULL,1),(151,12,NULL,NULL,'Configuration Generation','Collect database, site, path, and environment values and generate safe configuration output with review-friendly explanations.','archived',0,451,'2026-07-01 23:26:37','2026-07-01 23:53:30',0),(152,12,NULL,NULL,'Database Initialization','Create and seed the initial Guild CMS schema required for a new installation.','planned',0,453,'2026-07-01 23:26:37','2026-07-01 23:53:30',1),(153,12,NULL,NULL,'Administrator Account Creation','Create the first administrator account or validate the selected authentication provider during installation.','planned',0,454,'2026-07-01 23:26:37','2026-07-01 23:53:30',1),(154,12,NULL,NULL,'First-Run Site Configuration','Initialize site identity, base settings, default content, and initial public/admin runtime state.','planned',0,455,'2026-07-01 23:26:37','2026-07-01 23:53:30',1),(155,12,NULL,NULL,'Installation Locking and Recovery','Lock completed installations, prevent unsafe re-runs, and document recovery or reinstall workflows.','planned',0,460,'2026-07-01 23:26:37','2026-07-01 23:53:30',1);
/*!40000 ALTER TABLE `project_roadmap_items` ENABLE KEYS */;
UNLOCK TABLES;

--
-- Table structure for table `project_roadmap_phases`
--

DROP TABLE IF EXISTS `project_roadmap_phases`;
/*!40101 SET @saved_cs_client     = @@character_set_client */;
/*!40101 SET character_set_client = utf8mb4 */;
CREATE TABLE `project_roadmap_phases` (
  `id` int(10) unsigned NOT NULL AUTO_INCREMENT,
  `phase_key` varchar(32) NOT NULL,
  `title` varchar(160) NOT NULL,
  `description` text DEFAULT NULL,
  `status` enum('planned','in_progress','complete','deferred','archived') NOT NULL DEFAULT 'planned',
  `progress` tinyint(3) unsigned NOT NULL DEFAULT 0,
  `sort_order` int(11) NOT NULL DEFAULT 0,
  `started_at` date DEFAULT NULL,
  `completed_at` date DEFAULT NULL,
  `created_at` datetime NOT NULL DEFAULT current_timestamp(),
  `updated_at` datetime DEFAULT NULL ON UPDATE current_timestamp(),
  `is_public` tinyint(1) NOT NULL DEFAULT 1,
  PRIMARY KEY (`id`),
  UNIQUE KEY `uq_project_roadmap_phase_key` (`phase_key`),
  KEY `idx_project_roadmap_status` (`status`),
  KEY `idx_project_roadmap_sort` (`sort_order`)
) ENGINE=InnoDB AUTO_INCREMENT=23 DEFAULT CHARSET=utf8mb4 COLLATE=utf8mb4_unicode_ci;
/*!40101 SET character_set_client = @saved_cs_client */;

--
-- Dumping data for table `project_roadmap_phases`
--

LOCK TABLES `project_roadmap_phases` WRITE;
/*!40000 ALTER TABLE `project_roadmap_phases` DISABLE KEYS */;
INSERT INTO `project_roadmap_phases` VALUES (1,'1','Phase 1 - Foundation','Core site rebuild foundation and early CMS/admin groundwork.','complete',100,10,NULL,'2026-06-29','2026-06-29 01:53:22',NULL,1),(2,'2','Phase 2 - Administration Framework','Admin structure, CRUD sections, pagination, audit logging, and management pages.','complete',100,20,NULL,'2026-06-29','2026-06-29 01:53:22',NULL,1),(3,'3A','Phase 3A - Shared Layout','Shared layout framework and sidebar migration.','complete',100,30,NULL,'2026-06-29','2026-06-29 01:53:22',NULL,1),(4,'3B','Phase 3B - Navigation Manager','Database-driven navigation manager, importer, drag/drop, publishing, and publish history.','complete',100,31,NULL,'2026-06-29','2026-06-29 01:53:22','2026-06-29 13:51:14',1),(5,'3C','Phase 3C - Content Rendering Engine','Article renderer with plain text, BBCode, quotes, lists, tables, and media support.','complete',100,32,NULL,'2026-06-29','2026-06-29 01:53:22','2026-06-29 13:51:14',1),(6,'4.1','Phase 4.1 - Security Foundation','Security foundation work completed before Phase 4.2 hardening.','complete',100,410,NULL,'2026-06-29','2026-06-29 01:53:22','2026-06-30 12:13:53',1),(7,'4.1K','Phase 4.1 - Security Foundation','Security foundation work completed before Phase 4.2 hardening.','archived',100,9999,NULL,'2026-06-29','2026-06-29 01:53:22','2026-06-29 20:06:19',0),(8,'4.2','Phase 4.2 - Security Hardening','Security hardening is in final review after completing security headers, cookie/session review, CSRF review, CSP Report-Only rollout, upload/file review, filesystem permission cleanup, and Gallery upload hardening.','complete',100,420,'2026-06-29','2026-06-29','2026-06-29 01:53:22','2026-06-30 12:13:53',1),(11,'4.3','Phase 4.3 - Engineering Foundation & Governance','Engineering Foundation & Governance is complete. Phase 4.3 delivered the Engineering Library Volume I publication set, governance model, engineering standards, Architecture Decision Records, contribution workflow, coding standards, security standards, and publication framework.','complete',100,430,'2026-06-29','2026-06-30','2026-06-29 13:46:02','2026-06-30 13:54:12',1),(12,'4.4','Phase 4.4 - Installation & Bootstrap System','Phase 4.4 owns the complete Guild CMS installer lifecycle: installer architecture, setup detection, product separation, platform intelligence, requirements validation, configuration generation, database bootstrap, database initialization, administrator account creation, first-run site configuration, plugin bootstrap responsibilities, site bootstrap, installer locking, recovery, certification, and security review.','in_progress',75,440,'2026-06-30',NULL,'2026-06-29 13:46:02','2026-07-01 23:53:30',1),(13,'4.6','Phase 4.6 - Upgrade & Migration Framework','Upgrade workflow, migration runner, versioned schema changes, and safe platform update procedures.','planned',0,460,NULL,NULL,'2026-06-29 13:46:02','2026-07-01 23:53:30',1),(14,'5.0','Phase 5.0 - Plugin SDK & Extension Framework','Plugin SDK, extension framework, hooks, events, and package architecture.','planned',0,500,NULL,NULL,'2026-06-29 13:46:02','2026-06-30 12:13:53',1),(15,'5.1','Phase 5.1 - Theme Engine & Template System','Theme engine, template system, theme inheritance, and presentation customization framework.','planned',0,510,NULL,NULL,'2026-06-29 13:46:02','2026-06-30 12:13:53',1),(16,'5.2','Phase 5.2 - CLI & Developer Tools','Command-line tooling, developer utilities, scaffolding, maintenance commands, and development workflows.','planned',0,520,NULL,NULL,'2026-06-29 13:46:02','2026-06-30 12:13:53',1),(17,'5.3','Phase 5.3 - REST API & Developer Services','REST API, developer services, API documentation, service contracts, and integration endpoints.','planned',0,530,NULL,NULL,'2026-06-29 13:46:02','2026-06-30 12:13:53',1),(18,'5.6','Phase 5.6 - Release Readiness & Final Security Review','Complete the final platform-wide security audit, release readiness review, documentation review, installer validation, upgrade validation, and release candidate sign-off before public release.','planned',0,560,NULL,NULL,'2026-06-29 13:46:02','2026-06-30 13:54:12',1),(19,'6.0','Phase 6.0 - Public Release','Public release of The Guild CMS after release readiness and final security review are complete.','planned',0,600,NULL,NULL,'2026-06-29 13:46:02','2026-06-30 13:54:12',1),(20,'5.4','Phase 5.4 - Provider Framework Expansion','Provider framework expansion for additional integrations and configurable service providers.','planned',0,540,NULL,NULL,'2026-06-29 19:17:10','2026-06-30 12:13:53',1),(21,'5.5','Phase 5.5 - Native Authentication System','Native authentication system for standalone Guild CMS installations and non-phpBB deployments.','planned',0,550,NULL,NULL,'2026-06-29 19:17:10','2026-06-30 12:13:53',1),(22,'4.5','Phase 4.5 - Data Normalization & Governance','Normalize project data, document database schemas and enum values, establish database governance rules, and prepare reliable migrations after the installer lifecycle is complete.','planned',0,450,NULL,NULL,'2026-06-30 13:10:51','2026-07-01 23:53:30',1);
/*!40000 ALTER TABLE `project_roadmap_phases` ENABLE KEYS */;
UNLOCK TABLES;

--
-- Table structure for table `project_vision_notes`
--

DROP TABLE IF EXISTS `project_vision_notes`;
/*!40101 SET @saved_cs_client     = @@character_set_client */;
/*!40101 SET character_set_client = utf8mb4 */;
CREATE TABLE `project_vision_notes` (
  `id` int(10) unsigned NOT NULL AUTO_INCREMENT,
  `title` varchar(180) NOT NULL,
  `body` mediumtext NOT NULL,
  `category` varchar(80) NOT NULL DEFAULT 'Vision',
  `sort_order` int(11) NOT NULL DEFAULT 0,
  `status` enum('active','draft','archived') NOT NULL DEFAULT 'active',
  `created_at` datetime NOT NULL DEFAULT current_timestamp(),
  `updated_at` datetime DEFAULT NULL ON UPDATE current_timestamp(),
  `is_public` tinyint(1) NOT NULL DEFAULT 1,
  PRIMARY KEY (`id`),
  KEY `idx_project_vision_category` (`category`),
  KEY `idx_project_vision_status` (`status`),
  KEY `idx_project_vision_sort` (`sort_order`)
) ENGINE=InnoDB AUTO_INCREMENT=5 DEFAULT CHARSET=utf8mb4 COLLATE=utf8mb4_unicode_ci;
/*!40101 SET character_set_client = @saved_cs_client */;

--
-- Dumping data for table `project_vision_notes`
--

LOCK TABLES `project_vision_notes` WRITE;
/*!40000 ALTER TABLE `project_vision_notes` DISABLE KEYS */;
INSERT INTO `project_vision_notes` VALUES (1,'The Guild CMS Platform Vision','Guild CMS is evolving from a legacy gaming community website into a modular PHP community management platform. It should manage sites, content, navigation, media, analytics, users, plugins, and integrations through a consistent admin framework.','Vision',10,'active','2026-06-29 02:14:51','2026-06-29 02:22:30',1),(2,'Architecture Principle: Integrations Enhance, Not Define','phpBB, AWStats, Discord, Steam, OAuth, GeoIP, and future services should enhance The Guild CMS as providers or plugins. The Guild CMS should remain functional even if an integration is unavailable.','Principles',20,'active','2026-06-29 02:14:51','2026-06-29 02:22:22',1),(3,'Development Center Purpose','The Development Center is the project management hub for The Guild CMS itself. It tracks roadmap phases, development sessions, changelog entries, ideas, project health, architecture notes, and long-term product direction.','Development Center',30,'active','2026-06-29 02:14:51','2026-06-29 02:22:41',1),(4,'Security-First Engineering','The Guild CMS now treats security review as a phase completion gate. Each major development phase concludes with a security review, documented findings, remediation where needed, Development Center updates, and public roadmap updates. Before public release, Phase 6.0 will perform a final platform-wide security and release-readiness review.','Engineering Standards',35,'active','2026-06-29 17:29:11',NULL,1);
/*!40000 ALTER TABLE `project_vision_notes` ENABLE KEYS */;
UNLOCK TABLES;
/*!40103 SET TIME_ZONE=@OLD_TIME_ZONE */;

/*!40101 SET SQL_MODE=@OLD_SQL_MODE */;
/*!40014 SET FOREIGN_KEY_CHECKS=@OLD_FOREIGN_KEY_CHECKS */;
/*!40014 SET UNIQUE_CHECKS=@OLD_UNIQUE_CHECKS */;
/*!40101 SET CHARACTER_SET_CLIENT=@OLD_CHARACTER_SET_CLIENT */;
/*!40101 SET CHARACTER_SET_RESULTS=@OLD_CHARACTER_SET_RESULTS */;
/*!40101 SET COLLATION_CONNECTION=@OLD_COLLATION_CONNECTION */;
/*!40111 SET SQL_NOTES=@OLD_SQL_NOTES */;

-- Dump completed on 2026-07-02  0:50:41
